statefp10,name10,commarea_n,namelsad10,commarea,geoid10,notes,tractce10,countyfp10,Gini,allHouse,Own,Rent,OwnPercent,%Rented
17,101,1,Census Tract 101,1,17031010100,,10100,31,0.509,2149,439,1710,0.204281061,0.795718939
17,102.01,1,Census Tract 102.01,1,17031010201,,10201,31,0.43,2475,931,1544,0.376161616,0.623838384
17,102.02,1,Census Tract 102.02,1,17031010202,,10202,31,0.462,1133,292,841,0.25772286,0.74227714
17,103,1,Census Tract 103,1,17031010300,,10300,31,0.434,2750,1059,1691,0.385090909,0.614909091
17,104,1,Census Tract 104,1,17031010400,,10400,31,0.487,1943,675,1268,0.347400926,0.652599074
17,105.01,1,Census Tract 105.01,1,17031010501,,10501,31,0.446,2286,508,1778,0.222222222,0.777777778
17,105.02,1,Census Tract 105.02,1,17031010502,,10502,31,0.578,1671,349,1322,0.208856972,0.791143028
17,105.03,1,Census Tract 105.03,1,17031010503,,10503,31,0.551,979,213,766,0.217568948,0.782431052
17,106,1,Census Tract 106,1,17031010600,,10600,31,0.462,2751,953,1798,0.346419484,0.653580516
17,107.01,1,Census Tract 107.01,1,17031010701,,10701,31,0.421,1494,766,728,0.512717537,0.487282463
17,107.02,1,Census Tract 107.02,1,17031010702,,10702,31,0.462,1936,470,1466,0.242768595,0.757231405
17,201,2,Census Tract 201,2,17031020100,,20100,31,0.418,1397,720,677,0.515390122,0.484609878
17,202,2,Census Tract 202,2,17031020200,,20200,31,0.402,2061,1677,384,0.813682678,0.186317322
17,203.01,2,Census Tract 203.01,2,17031020301,,20301,31,0.483,1819,1499,320,0.824079164,0.175920836
17,203.02,2,Census Tract 203.02,2,17031020302,,20302,31,0.343,1594,950,644,0.595984944,0.404015056
17,204,2,Census Tract 204,2,17031020400,,20400,31,0.438,1625,811,814,0.499076923,0.500923077
17,205,2,Census Tract 205,2,17031020500,,20500,31,0.435,1932,756,1176,0.391304348,0.608695652
17,206.01,2,Census Tract 206.01,2,17031020601,,20601,31,0.495,1754,698,1056,0.397947548,0.602052452
17,206.02,2,Census Tract 206.02,2,17031020602,,20602,31,0.405,1486,672,814,0.452220727,0.547779273
17,207.01,2,Census Tract 207.01,2,17031020701,,20701,31,0.35,644,415,229,0.644409938,0.355590062
17,207.02,2,Census Tract 207.02,2,17031020702,,20702,31,0.436,2354,998,1356,0.423959218,0.576040782
17,208.01,2,Census Tract 208.01,2,17031020801,,20801,31,0.369,1986,936,1050,0.471299094,0.528700906
17,208.02,2,Census Tract 208.02,2,17031020802,,20802,31,0.393,2115,871,1244,0.411820331,0.588179669
17,209.01,2,Census Tract 209.01,2,17031020901,,20901,31,0.383,2043,901,1142,0.441018111,0.558981889
17,209.02,2,Census Tract 209.02,2,17031020902,,20902,31,0.404,1449,928,521,0.640441684,0.359558316
17,301.01,77,Census Tract 301.01,77,17031030101,,30101,31,0.5,2210,958,1252,0.433484163,0.566515837
17,301.02,77,Census Tract 301.02,77,17031030102,,30102,31,0.52,2005,886,1119,0.441895262,0.558104738
17,301.03,77,Census Tract 301.03,77,17031030103,,30103,31,0.46,1152,311,841,0.269965278,0.730034722
17,301.04,77,Census Tract 301.04,77,17031030104,,30104,31,0.511,1176,472,704,0.401360544,0.598639456
17,302,77,Census Tract 302,77,17031030200,,30200,31,0.413,2595,1174,1421,0.452408478,0.547591522
17,303,77,Census Tract 303,77,17031030300,,30300,31,0.473,1347,426,921,0.316258352,0.683741648
17,304,77,Census Tract 304,77,17031030400,,30400,31,0.481,1368,525,843,0.38377193,0.61622807
17,305,77,Census Tract 305,77,17031030500,,30500,31,0.454,2866,1356,1510,0.473133287,0.526866713
17,306.01,77,Census Tract 306.01,77,17031030601,,30601,31,0.522,2019,789,1230,0.390787519,0.609212481
17,306.03,77,Census Tract 306.03,77,17031030603,,30603,31,0.431,1354,105,1249,0.077548006,0.922451994
17,306.04,77,Census Tract 306.04,77,17031030604,,30604,31,0.409,1935,538,1397,0.278036176,0.721963824
17,307.01,77,Census Tract 307.01,77,17031030701,,30701,31,0.413,969,219,750,0.226006192,0.773993808
17,307.02,77,Census Tract 307.02,77,17031030702,,30702,31,0.328,1086,835,251,0.768876611,0.231123389
17,307.03,77,Census Tract 307.03,77,17031030703,,30703,31,0.546,1688,564,1124,0.334123223,0.665876777
17,307.06,77,Census Tract 307.06,77,17031030706,,30706,31,0.457,2333,854,1479,0.366052293,0.633947707
17,308,77,Census Tract 308,77,17031030800,,30800,31,0.512,2069,893,1176,0.431609473,0.568390527
17,309,77,Census Tract 309,77,17031030900,,30900,31,0.425,1377,676,701,0.490922295,0.509077705
17,310,3,Census Tract 310,3,17031031000,,31000,31,0.438,1775,731,1044,0.411830986,0.588169014
17,311,3,Census Tract 311,3,17031031100,,31100,31,0.456,2137,556,1581,0.260177819,0.739822181
17,312,3,Census Tract 312,3,17031031200,,31200,31,0.57,2902,674,2228,0.232253618,0.767746382
17,313,3,Census Tract 313,3,17031031300,,31300,31,0.495,3567,1299,2268,0.364171573,0.635828427
17,314,3,Census Tract 314,3,17031031400,,31400,31,0.465,3235,2160,1075,0.667697063,0.332302937
17,315.01,3,Census Tract 315.01,3,17031031501,,31501,31,0.527,1773,222,1551,0.125211506,0.874788494
17,315.02,3,Census Tract 315.02,3,17031031502,,31502,31,0.524,2412,352,2060,0.145936982,0.854063018
17,317,3,Census Tract 317,3,17031031700,,31700,31,0.514,3687,1176,2511,0.318958503,0.681041497
17,318,3,Census Tract 318,3,17031031800,,31800,31,0.508,986,397,589,0.402636917,0.597363083
17,319,3,Census Tract 319,3,17031031900,,31900,31,0.489,1294,385,909,0.297527048,0.702472952
17,321,3,Census Tract 321,3,17031032100,,32100,31,0.481,4339,1152,3187,0.265498963,0.734501037
17,401,4,Census Tract 401,4,17031040100,,40100,31,0.426,1690,879,811,0.520118343,0.479881657
17,402.01,4,Census Tract 402.01,4,17031040201,,40201,31,0.444,2514,918,1596,0.365155131,0.634844869
17,402.02,4,Census Tract 402.02,4,17031040202,,40202,31,0.402,2679,1127,1552,0.420679358,0.579320642
17,403,4,Census Tract 403,4,17031040300,,40300,31,0.421,1031,705,326,0.683802134,0.316197866
17,404.01,4,Census Tract 404.01,4,17031040401,,40401,31,0.422,1303,789,514,0.60552571,0.39447429
17,404.02,4,Census Tract 404.02,4,17031040402,,40402,31,0.456,2450,931,1519,0.38,0.62
17,406,4,Census Tract 406,4,17031040600,,40600,31,0.433,1271,458,813,0.360346184,0.639653816
17,407,4,Census Tract 407,4,17031040700,,40700,31,0.484,1585,608,977,0.383596215,0.616403785
17,408,4,Census Tract 408,4,17031040800,,40800,31,0.37,730,318,412,0.435616438,0.564383562
17,409,4,Census Tract 409,4,17031040900,,40900,31,0.447,1010,345,665,0.341584158,0.658415842
17,501,5,Census Tract 501,5,17031050100,,50100,31,0.475,1143,427,716,0.373578303,0.626421697
17,502,5,Census Tract 502,5,17031050200,,50200,31,0.496,2214,1186,1028,0.535682023,0.464317977
17,503,5,Census Tract 503,5,17031050300,,50300,31,0.357,1095,680,415,0.621004566,0.378995434
17,505,5,Census Tract 505,5,17031050500,,50500,31,0.421,2194,1171,1023,0.53372835,0.46627165
17,506,5,Census Tract 506,5,17031050600,,50600,31,0.416,899,422,477,0.469410456,0.530589544
17,507,5,Census Tract 507,5,17031050700,,50700,31,0.405,721,457,264,0.633841886,0.366158114
17,508,5,Census Tract 508,5,17031050800,,50800,31,0.554,573,304,269,0.530541012,0.469458988
17,509,5,Census Tract 509,5,17031050900,,50900,31,0.526,680,319,361,0.469117647,0.530882353
17,510,5,Census Tract 510,5,17031051000,,51000,31,0.45,652,294,358,0.450920245,0.549079755
17,511,5,Census Tract 511,5,17031051100,,51100,31,0.466,728,304,424,0.417582418,0.582417582
17,512,5,Census Tract 512,5,17031051200,,51200,31,0.516,758,362,396,0.477572559,0.522427441
17,513,5,Census Tract 513,5,17031051300,,51300,31,0.395,1153,832,321,0.721595837,0.278404163
17,514,5,Census Tract 514,5,17031051400,,51400,31,0.499,1011,519,492,0.513353116,0.486646884
17,601,6,Census Tract 601,6,17031060100,,60100,31,0.419,1309,695,614,0.530939649,0.469060351
17,602,6,Census Tract 602,6,17031060200,,60200,31,0.438,1101,304,797,0.276112625,0.723887375
17,603,6,Census Tract 603,6,17031060300,,60300,31,0.395,1337,720,617,0.538519073,0.461480927
17,604,6,Census Tract 604,6,17031060400,,60400,31,0.492,1615,803,812,0.497213622,0.502786378
17,605,6,Census Tract 605,6,17031060500,,60500,31,0.627,748,204,544,0.272727273,0.727272727
17,608,6,Census Tract 608,6,17031060800,,60800,31,0.417,3177,1861,1316,0.585772742,0.414227258
17,609,6,Census Tract 609,6,17031060900,,60900,31,0.448,4679,2121,2558,0.453301988,0.546698012
17,610,6,Census Tract 610,6,17031061000,,61000,31,0.509,907,378,529,0.416758545,0.583241455
17,611,6,Census Tract 611,6,17031061100,,61100,31,0.383,592,207,385,0.349662162,0.650337838
17,612,6,Census Tract 612,6,17031061200,,61200,31,0.489,924,401,523,0.433982684,0.566017316
17,615,6,Census Tract 615,6,17031061500,,61500,31,0.421,876,270,606,0.308219178,0.691780822
17,618,6,Census Tract 618,6,17031061800,,61800,31,0.39,683,141,542,0.206442167,0.793557833
17,619.01,6,Census Tract 619.01,6,17031061901,,61901,31,0.492,2679,975,1704,0.363941769,0.636058231
17,619.02,6,Census Tract 619.02,6,17031061902,,61902,31,0.56,2778,791,1987,0.284737221,0.715262779
17,620,6,Census Tract 620,6,17031062000,,62000,31,0.438,1528,447,1081,0.292539267,0.707460733
17,621,6,Census Tract 621,6,17031062100,,62100,31,0.481,1593,595,998,0.373509102,0.626490898
17,622,6,Census Tract 622,6,17031062200,,62200,31,0.385,1468,632,836,0.430517711,0.569482289
17,623,6,Census Tract 623,6,17031062300,,62300,31,0.428,784,348,436,0.443877551,0.556122449
17,624,6,Census Tract 624,6,17031062400,,62400,31,0.543,747,340,407,0.455153949,0.544846051
17,625,6,Census Tract 625,6,17031062500,,62500,31,0.413,667,384,283,0.575712144,0.424287856
17,626,6,Census Tract 626,6,17031062600,,62600,31,0.518,952,606,346,0.636554622,0.363445378
17,627,6,Census Tract 627,6,17031062700,,62700,31,0.475,1206,572,634,0.474295191,0.525704809
17,628,6,Census Tract 628,6,17031062800,,62800,31,0.478,1568,741,827,0.472576531,0.527423469
17,629,6,Census Tract 629,6,17031062900,,62900,31,0.465,1946,928,1018,0.476875642,0.523124358
17,630,6,Census Tract 630,6,17031063000,,63000,31,0.576,1912,483,1429,0.252615063,0.747384937
17,631,6,Census Tract 631,6,17031063100,,63100,31,0.502,1378,314,1064,0.227866473,0.772133527
17,632,6,Census Tract 632,6,17031063200,,63200,31,0.452,4092,1287,2805,0.314516129,0.685483871
17,633.01,6,Census Tract 633.01,6,17031063301,,63301,31,0.435,1760,305,1455,0.173295455,0.826704545
17,633.02,6,Census Tract 633.02,6,17031063302,,63302,31,0.478,2767,952,1815,0.344054933,0.655945067
17,633.03,6,Census Tract 633.03,6,17031063303,,63303,31,0.474,1200,488,712,0.406666667,0.593333333
17,634,6,Census Tract 634,6,17031063400,,63400,31,0.568,1172,366,806,0.312286689,0.687713311
17,701.01,7,Census Tract 701.01,7,17031070101,,70101,31,0.585,2601,1171,1430,0.450211457,0.549788543
17,701.02,7,Census Tract 701.02,7,17031070102,,70102,31,0.413,1550,569,981,0.367096774,0.632903226
17,701.03,7,Census Tract 701.03,7,17031070103,,70103,31,0.46,1219,180,1039,0.147662018,0.852337982
17,702,7,Census Tract 702,7,17031070200,,70200,31,0.552,2050,844,1206,0.411707317,0.588292683
17,703,7,Census Tract 703,7,17031070300,,70300,31,0.505,1555,735,820,0.47266881,0.52733119
17,704,7,Census Tract 704,7,17031070400,,70400,31,0.579,1618,693,925,0.428306551,0.571693449
17,705,7,Census Tract 705,7,17031070500,,70500,31,0.516,1226,657,569,0.53588907,0.46411093
17,706,7,Census Tract 706,7,17031070600,,70600,31,0.514,1219,891,328,0.730926989,0.269073011
17,707,7,Census Tract 707,7,17031070700,,70700,31,0.482,1262,715,547,0.566561014,0.433438986
17,710,7,Census Tract 710,7,17031071000,,71000,31,0.518,1135,530,605,0.466960352,0.533039648
17,711,7,Census Tract 711,7,17031071100,,71100,31,0.6,1131,545,586,0.481874447,0.518125553
17,712,7,Census Tract 712,7,17031071200,,71200,31,0.599,1077,537,540,0.498607242,0.501392758
17,713,7,Census Tract 713,7,17031071300,,71300,31,0.57,2108,1155,953,0.547912713,0.452087287
17,714,7,Census Tract 714,7,17031071400,,71400,31,0.55,2794,1026,1768,0.367215462,0.632784538
17,715,7,Census Tract 715,7,17031071500,,71500,31,0.516,3629,1527,2102,0.420777074,0.579222926
17,716,7,Census Tract 716,7,17031071600,,71600,31,0.492,845,526,319,0.622485207,0.377514793
17,717,7,Census Tract 717,7,17031071700,,71700,31,0.487,807,543,264,0.672862454,0.327137546
17,718,7,Census Tract 718,7,17031071800,,71800,31,0.597,1183,801,382,0.677092139,0.322907861
17,801,8,Census Tract 801,8,17031080100,,80100,31,0.595,3760,2222,1538,0.590957447,0.409042553
17,802.01,8,Census Tract 802.01,8,17031080201,,80201,31,0.491,2430,1653,777,0.680246914,0.319753086
17,802.02,8,Census Tract 802.02,8,17031080202,,80202,31,0.536,2174,1497,677,0.688592456,0.311407544
17,803,8,Census Tract 803,8,17031080300,,80300,31,0.467,2534,1490,1044,0.588003157,0.411996843
17,804,8,Census Tract 804,8,17031080400,,80400,31,0.648,2006,548,1458,0.273180459,0.726819541
17,810,8,Census Tract 810,8,17031081000,,81000,31,0.602,4477,717,3760,0.160151887,0.839848113
17,811,8,Census Tract 811,8,17031081100,,81100,31,0.612,2589,704,1885,0.27191966,0.72808034
17,812.01,8,Census Tract 812.01,8,17031081201,,81201,31,0.61,2352,1303,1049,0.553996599,0.446003401
17,812.02,8,Census Tract 812.02,8,17031081202,,81202,31,0.658,1878,1420,458,0.756123536,0.243876464
17,813,8,Census Tract 813,8,17031081300,,81300,31,0.589,3480,2365,1115,0.679597701,0.320402299
17,814.01,8,Census Tract 814.01,8,17031081401,,81401,31,0.632,1475,848,627,0.574915254,0.425084746
17,814.02,8,Census Tract 814.02,8,17031081402,,81402,31,0.515,2513,1217,1296,0.484281735,0.515718265
17,814.03,8,Census Tract 814.03,8,17031081403,Small unpopulated area in CA 32,81403,31,0.509,3793,1630,2163,0.429738993,0.570261007
17,815,8,Census Tract 815,8,17031081500,,81500,31,0.622,2873,1378,1495,0.479638009,0.520361991
17,816,8,Census Tract 816,8,17031081600,,81600,31,0.495,2277,754,1523,0.331137462,0.668862538
17,817,8,Census Tract 817,8,17031081700,,81700,31,0.565,1566,559,1007,0.356960409,0.643039591
17,818,8,Census Tract 818,8,17031081800,,81800,31,0.449,3835,2456,1379,0.64041721,0.35958279
17,819,8,Census Tract 819,8,17031081900,,81900,31,0.631,584,187,397,0.320205479,0.679794521
17,901,9,Census Tract 901,9,17031090100,,90100,31,0.358,1294,1173,121,0.906491499,0.093508501
17,902,9,Census Tract 902,9,17031090200,Partially outside City Boundary,90200,31,0.399,2848,2158,690,0.757724719,0.242275281
17,903,9,Census Tract 903,9,17031090300,Partially outside City Boundary,90300,31,0.365,575,535,40,0.930434783,0.069565217
17,1001,10,Census Tract 1001,10,17031100100,,100100,31,0.386,2202,1244,958,0.564940963,0.435059037
17,1002,10,Census Tract 1002,10,17031100200,,100200,31,0.38,2930,2184,746,0.745392491,0.254607509
17,1003,10,Census Tract 1003,10,17031100300,,100300,31,0.519,2543,1922,621,0.755800236,0.244199764
17,1004,10,Census Tract 1004,10,17031100400,,100400,31,0.362,1237,1170,67,0.945836702,0.054163298
17,1005,10,Census Tract 1005,10,17031100500,,100500,31,0.354,2211,1899,312,0.858887381,0.141112619
17,1006,10,Census Tract 1006,10,17031100600,,100600,31,0.434,1825,1389,436,0.76109589,0.23890411
17,1007,10,Census Tract 1007,10,17031100700,,100700,31,0.358,1857,1662,195,0.894991922,0.105008078
17,1101,11,Census Tract 1101,11,17031110100,,110100,31,0.385,1957,1336,621,0.682677568,0.317322432
17,1102,11,Census Tract 1102,11,17031110200,,110200,31,0.39,1145,698,447,0.609606987,0.390393013
17,1103,11,Census Tract 1103,11,17031110300,,110300,31,0.357,1865,1719,146,0.921715818,0.078284182
17,1104,11,Census Tract 1104,11,17031110400,,110400,31,0.425,1938,1163,775,0.600103199,0.399896801
17,1105.01,11,Census Tract 1105.01,11,17031110501,,110501,31,0.334,1722,1209,513,0.702090592,0.297909408
17,1105.02,11,Census Tract 1105.02,11,17031110502,,110502,31,0.377,1439,1024,415,0.711605281,0.288394719
17,1201,12,Census Tract 1201,12,17031120100,,120100,31,0.435,1547,1468,79,0.94893342,0.05106658
17,1202,12,Census Tract 1202,12,17031120200,,120200,31,0.419,1591,1397,194,0.878064111,0.121935889
17,1203,12,Census Tract 1203,12,17031120300,,120300,31,0.448,2387,2063,324,0.864264767,0.135735233
17,1204,12,Census Tract 1204,12,17031120400,,120400,31,0.407,1274,943,331,0.740188383,0.259811617
17,1301,13,Census Tract 1301,13,17031130100,,130100,31,0.508,1853,1202,651,0.64867782,0.35132218
17,1302,13,Census Tract 1302,13,17031130200,,130200,31,0.533,651,535,116,0.821812596,0.178187404
17,1303,13,Census Tract 1303,13,17031130300,,130300,31,0.425,1809,964,845,0.5328911,0.4671089
17,1401,14,Census Tract 1401,14,17031140100,,140100,31,0.427,1071,290,781,0.270774977,0.729225023
17,1402,14,Census Tract 1402,14,17031140200,,140200,31,0.46,1745,422,1323,0.241833811,0.758166189
17,1403.01,14,Census Tract 1403.01,14,17031140301,,140301,31,0.379,737,328,409,0.44504749,0.55495251
17,1403.02,14,Census Tract 1403.02,14,17031140302,,140302,31,0.392,1412,581,831,0.411473088,0.588526912
17,1404,14,Census Tract 1404,14,17031140400,,140400,31,0.45,2257,1221,1036,0.540983607,0.459016393
17,1405,14,Census Tract 1405,14,17031140500,,140500,31,0.391,1339,519,820,0.387602689,0.612397311
17,1406.01,14,Census Tract 1406.01,14,17031140601,,140601,31,0.426,907,433,474,0.477398015,0.522601985
17,1406.02,14,Census Tract 1406.02,14,17031140602,,140602,31,0.433,1658,424,1234,0.255729795,0.744270205
17,1407.01,14,Census Tract 1407.01,14,17031140701,,140701,31,0.418,866,265,601,0.306004619,0.693995381
17,1407.02,14,Census Tract 1407.02,14,17031140702,,140702,31,0.445,1941,608,1333,0.313240598,0.686759402
17,1408,14,Census Tract 1408,14,17031140800,,140800,31,0.458,2728,1284,1444,0.470674487,0.529325513
17,1502,15,Census Tract 1502,15,17031150200,,150200,31,0.456,3034,1147,1887,0.37804878,0.62195122
17,1503,15,Census Tract 1503,15,17031150300,,150300,31,0.439,2761,1536,1225,0.556320174,0.443679826
17,1504.01,15,Census Tract 1504.01,15,17031150401,,150401,31,0.382,1808,1246,562,0.689159292,0.310840708
17,1504.02,15,Census Tract 1504.02,15,17031150402,,150402,31,0.439,1320,776,544,0.587878788,0.412121212
17,1505.01,15,Census Tract 1505.01,15,17031150501,,150501,31,0.343,1334,997,337,0.747376312,0.252623688
17,1505.02,15,Census Tract 1505.02,15,17031150502,,150502,31,0.345,1574,988,586,0.627700127,0.372299873
17,1506,15,Census Tract 1506,15,17031150600,,150600,31,0.443,1294,935,359,0.722565688,0.277434312
17,1507,15,Census Tract 1507,15,17031150700,,150700,31,0.39,1417,1062,355,0.749470713,0.250529287
17,1508,15,Census Tract 1508,15,17031150800,,150800,31,0.379,1820,1006,814,0.552747253,0.447252747
17,1510.01,15,Census Tract 1510.01,15,17031151001,,151001,31,0.407,957,572,385,0.597701149,0.402298851
17,1510.02,15,Census Tract 1510.02,15,17031151002,,151002,31,0.375,1709,641,1068,0.375073142,0.624926858
17,1511,15,Census Tract 1511,15,17031151100,,151100,31,0.396,1636,716,920,0.437652812,0.562347188
17,1512,15,Census Tract 1512,15,17031151200,,151200,31,0.389,1245,886,359,0.711646586,0.288353414
17,1601,16,Census Tract 1601,16,17031160100,,160100,31,0.445,978,739,239,0.755623722,0.244376278
17,1602,16,Census Tract 1602,16,17031160200,,160200,31,0.424,1407,874,533,0.621179815,0.378820185
17,1603,16,Census Tract 1603,16,17031160300,,160300,31,0.415,1743,696,1047,0.399311532,0.600688468
17,1604,16,Census Tract 1604,16,17031160400,,160400,31,0.434,1930,848,1082,0.439378238,0.560621762
17,1605.01,16,Census Tract 1605.01,16,17031160501,,160501,31,0.402,1183,489,694,0.413355875,0.586644125
17,1605.02,16,Census Tract 1605.02,16,17031160502,,160502,31,0.394,1241,689,552,0.555197421,0.444802579
17,1606.01,16,Census Tract 1606.01,16,17031160601,,160601,31,0.459,1289,573,716,0.444530644,0.555469356
17,1606.02,16,Census Tract 1606.02,16,17031160602,,160602,31,0.4,1454,678,776,0.466299862,0.533700138
17,1607,16,Census Tract 1607,16,17031160700,,160700,31,0.398,1985,1161,824,0.58488665,0.41511335
17,1608,16,Census Tract 1608,16,17031160800,,160800,31,0.351,1817,757,1060,0.416620804,0.583379196
17,1609,16,Census Tract 1609,16,17031160900,,160900,31,0.387,1005,597,408,0.594029851,0.405970149
17,1610,16,Census Tract 1610,16,17031161000,,161000,31,0.466,784,468,316,0.596938776,0.403061224
17,1611,16,Census Tract 1611,16,17031161100,,161100,31,0.489,751,572,179,0.761651132,0.238348868
17,1612,16,Census Tract 1612,16,17031161200,,161200,31,0.34,915,633,282,0.691803279,0.308196721
17,1613,16,Census Tract 1613,16,17031161300,,161300,31,0.391,1512,496,1016,0.328042328,0.671957672
17,1701,17,Census Tract 1701,17,17031170100,,170100,31,0.432,1055,899,156,0.852132701,0.147867299
17,1702,17,Census Tract 1702,17,17031170200,,170200,31,0.348,1170,985,185,0.841880342,0.158119658
17,1703,17,Census Tract 1703,17,17031170300,,170300,31,0.403,1956,1456,500,0.744376278,0.255623722
17,1704,17,Census Tract 1704,17,17031170400,,170400,31,0.346,1398,1227,171,0.877682403,0.122317597
17,1705,17,Census Tract 1705,17,17031170500,,170500,31,0.325,1897,1605,292,0.846072746,0.153927254
17,1706,17,Census Tract 1706,17,17031170600,,170600,31,0.401,962,763,199,0.793139293,0.206860707
17,1707,17,Census Tract 1707,17,17031170700,,170700,31,0.357,1060,711,349,0.670754717,0.329245283
17,1708,17,Census Tract 1708,17,17031170800,,170800,31,0.369,1363,1105,258,0.810711665,0.189288335
17,1709,17,Census Tract 1709,17,17031170900,,170900,31,0.336,618,452,166,0.731391586,0.268608414
17,1710,17,Census Tract 1710,17,17031171000,,171000,31,0.426,2622,1869,753,0.712814645,0.287185355
17,1711,17,Census Tract 1711,17,17031171100,,171100,31,0.35,1296,1034,262,0.797839506,0.202160494
17,1801,18,Census Tract 1801,18,17031180100,,180100,31,0.359,2091,1595,496,0.762792922,0.237207078
17,1901,19,Census Tract 1901,19,17031190100,,190100,31,0.415,798,253,545,0.317042607,0.682957393
17,1902,19,Census Tract 1902,19,17031190200,,190200,31,0.395,1637,855,782,0.522296885,0.477703115
17,1903,19,Census Tract 1903,19,17031190300,,190300,31,0.439,1849,911,938,0.492698756,0.507301244
17,1904.01,19,Census Tract 1904.01,19,17031190401,,190401,31,0.387,1288,763,525,0.592391304,0.407608696
17,1904.02,19,Census Tract 1904.02,19,17031190402,,190402,31,0.401,1635,906,729,0.55412844,0.44587156
17,1906.01,19,Census Tract 1906.01,19,17031190601,,190601,31,0.358,1248,592,656,0.474358974,0.525641026
17,1906.02,19,Census Tract 1906.02,19,17031190602,,190602,31,0.369,1307,810,497,0.619739862,0.380260138
17,1907.01,19,Census Tract 1907.01,19,17031190701,,190701,31,0.339,866,392,474,0.452655889,0.547344111
17,1907.02,19,Census Tract 1907.02,19,17031190702,,190702,31,0.353,1222,501,721,0.409983633,0.590016367
17,1908,19,Census Tract 1908,19,17031190800,,190800,31,0.423,1949,1069,880,0.548486403,0.451513597
17,1909,19,Census Tract 1909,19,17031190900,,190900,31,0.402,608,368,240,0.605263158,0.394736842
17,1910,19,Census Tract 1910,19,17031191000,,191000,31,0.412,613,311,302,0.507340946,0.492659054
17,1911,19,Census Tract 1911,19,17031191100,,191100,31,0.397,2073,817,1256,0.394114809,0.605885191
17,1912,19,Census Tract 1912,19,17031191200,,191200,31,0.352,926,270,656,0.291576674,0.708423326
17,1913.01,19,Census Tract 1913.01,19,17031191301,,191301,31,0.351,1478,828,650,0.560216509,0.439783491
17,1913.02,19,Census Tract 1913.02,19,17031191302,,191302,31,0.346,1242,696,546,0.560386473,0.439613527
17,2001,20,Census Tract 2001,20,17031200100,,200100,31,0.39,1262,726,536,0.575277338,0.424722662
17,2002,20,Census Tract 2002,20,17031200200,,200200,31,0.367,1658,632,1026,0.381182147,0.618817853
17,2003,20,Census Tract 2003,20,17031200300,,200300,31,0.423,609,338,271,0.55500821,0.44499179
17,2004.01,20,Census Tract 2004.01,20,17031200401,,200401,31,0.343,935,525,410,0.561497326,0.438502674
17,2004.02,20,Census Tract 2004.02,20,17031200402,,200402,31,0.405,1139,422,717,0.370500439,0.629499561
17,2101,21,Census Tract 2101,21,17031210100,,210100,31,0.403,1448,805,643,0.555939227,0.444060773
17,2104,21,Census Tract 2104,21,17031210400,,210400,31,0.392,932,449,483,0.481759657,0.518240343
17,2105.01,21,Census Tract 2105.01,21,17031210501,,210501,31,0.398,1383,503,880,0.363702097,0.636297903
17,2105.02,21,Census Tract 2105.02,21,17031210502,,210502,31,0.369,1504,656,848,0.436170213,0.563829787
17,2106.01,21,Census Tract 2106.01,21,17031210601,,210601,31,0.377,964,405,559,0.420124481,0.579875519
17,2106.02,21,Census Tract 2106.02,21,17031210602,,210602,31,0.374,1612,707,905,0.438585608,0.561414392
17,2107,21,Census Tract 2107,21,17031210700,,210700,31,0.389,1623,744,879,0.458410351,0.541589649
17,2108,21,Census Tract 2108,21,17031210800,,210800,31,0.422,401,144,257,0.359102244,0.640897756
17,2109,21,Census Tract 2109,21,17031210900,,210900,31,0.401,1151,696,455,0.604691573,0.395308427
17,2203,22,Census Tract 2203,22,17031220300,,220300,31,0.391,994,487,507,0.489939638,0.510060362
17,2204,22,Census Tract 2204,22,17031220400,,220400,31,0.434,1206,490,716,0.406301824,0.593698176
17,2205,22,Census Tract 2205,22,17031220500,,220500,31,0.433,1211,460,751,0.379851363,0.620148637
17,2206.01,22,Census Tract 2206.01,22,17031220601,,220601,31,0.431,756,310,446,0.41005291,0.58994709
17,2206.02,22,Census Tract 2206.02,22,17031220602,,220602,31,0.444,2368,782,1586,0.330236486,0.669763514
17,2207.01,22,Census Tract 2207.01,22,17031220701,,220701,31,0.388,1195,415,780,0.347280335,0.652719665
17,2207.02,22,Census Tract 2207.02,22,17031220702,,220702,31,0.389,1323,532,791,0.402116402,0.597883598
17,2209.01,22,Census Tract 2209.01,22,17031220901,,220901,31,0.368,1035,321,714,0.310144928,0.689855072
17,2209.02,22,Census Tract 2209.02,22,17031220902,,220902,31,0.419,959,302,657,0.314911366,0.685088634
17,2210,22,Census Tract 2210,22,17031221000,,221000,31,0.401,1002,430,572,0.429141717,0.570858283
17,2211,22,Census Tract 2211,22,17031221100,,221100,31,0.396,2069,541,1528,0.261478975,0.738521025
17,2212,22,Census Tract 2212,22,17031221200,,221200,31,0.431,953,485,468,0.508919203,0.491080797
17,2213,22,Census Tract 2213,22,17031221300,,221300,31,0.492,1239,286,953,0.230831316,0.769168684
17,2214,22,Census Tract 2214,22,17031221400,,221400,31,0.395,1098,292,806,0.265938069,0.734061931
17,2215,22,Census Tract 2215,22,17031221500,,221500,31,0.473,1428,348,1080,0.243697479,0.756302521
17,2216,22,Census Tract 2216,22,17031221600,,221600,31,0.482,1391,596,795,0.428468728,0.571531272
17,2222,22,Census Tract 2222,22,17031222200,,222200,31,0.514,927,488,439,0.526429342,0.473570658
17,2225,22,Census Tract 2225,22,17031222500,,222500,31,0.407,540,237,303,0.438888889,0.561111111
17,2226,22,Census Tract 2226,22,17031222600,,222600,31,0.441,717,170,547,0.237099024,0.762900976
17,2227,22,Census Tract 2227,22,17031222700,,222700,31,0.427,790,387,403,0.489873418,0.510126582
17,2228,22,Census Tract 2228,22,17031222800,,222800,31,0.359,341,21,320,0.061583578,0.938416422
17,2229,22,Census Tract 2229,22,17031222900,,222900,31,0.359,347,197,150,0.567723343,0.432276657
17,2301,23,Census Tract 2301,23,17031230100,,230100,31,0.414,631,196,435,0.310618067,0.689381933
17,2302,23,Census Tract 2302,23,17031230200,,230200,31,0.406,561,259,302,0.461675579,0.538324421
17,2303,23,Census Tract 2303,23,17031230300,,230300,31,0.421,263,123,140,0.467680608,0.532319392
17,2304,23,Census Tract 2304,23,17031230400,,230400,31,0.403,709,329,380,0.46403385,0.53596615
17,2305,23,Census Tract 2305,23,17031230500,,230500,31,0.454,1017,217,800,0.213372665,0.786627335
17,2306,23,Census Tract 2306,23,17031230600,,230600,31,0.493,1969,503,1466,0.255459624,0.744540376
17,2307,23,Census Tract 2307,23,17031230700,,230700,31,0.458,1704,627,1077,0.367957746,0.632042254
17,2308,23,Census Tract 2308,23,17031230800,,230800,31,0.355,377,292,85,0.774535809,0.225464191
17,2309,23,Census Tract 2309,23,17031230900,,230900,31,0.45,1805,584,1221,0.323545706,0.676454294
17,2311,23,Census Tract 2311,23,17031231100,,231100,31,0.416,406,98,308,0.24137931,0.75862069
17,2312,23,Census Tract 2312,23,17031231200,,231200,31,0.514,1959,697,1262,0.355793772,0.644206228
17,2315,23,Census Tract 2315,23,17031231500,,231500,31,0.486,1982,627,1355,0.316347124,0.683652876
17,2402,24,Census Tract 2402,24,17031240200,,240200,31,0.539,836,397,439,0.474880383,0.525119617
17,2403,24,Census Tract 2403,24,17031240300,,240300,31,0.516,713,396,317,0.555399719,0.444600281
17,2405,24,Census Tract 2405,24,17031240500,,240500,31,0.423,1108,662,446,0.597472924,0.402527076
17,2406,24,Census Tract 2406,24,17031240600,,240600,31,0.372,498,306,192,0.614457831,0.385542169
17,2407,24,Census Tract 2407,24,17031240700,,240700,31,0.47,567,237,330,0.417989418,0.582010582
17,2408,24,Census Tract 2408,24,17031240800,,240800,31,0.422,700,191,509,0.272857143,0.727142857
17,2409,24,Census Tract 2409,24,17031240900,,240900,31,0.515,404,136,268,0.336633663,0.663366337
17,2410,24,Census Tract 2410,24,17031241000,,241000,31,0.578,794,200,594,0.251889169,0.748110831
17,2411,24,Census Tract 2411,24,17031241100,,241100,31,0.424,1503,526,977,0.349966733,0.650033267
17,2412,24,Census Tract 2412,24,17031241200,,241200,31,0.417,834,343,491,0.411270983,0.588729017
17,2413,24,Census Tract 2413,24,17031241300,,241300,31,0.427,794,331,463,0.416876574,0.583123426
17,2414,24,Census Tract 2414,24,17031241400,,241400,31,0.464,2242,895,1347,0.399197145,0.600802855
17,2415,24,Census Tract 2415,24,17031241500,,241500,31,0.465,1309,602,707,0.459893048,0.540106952
17,2416,24,Census Tract 2416,24,17031241600,,241600,31,0.416,1654,478,1176,0.288996372,0.711003628
17,2420,24,Census Tract 2420,24,17031242000,,242000,31,0.56,2105,578,1527,0.274584323,0.725415677
17,2421,24,Census Tract 2421,24,17031242100,,242100,31,0.459,1704,914,790,0.536384977,0.463615023
17,2422,24,Census Tract 2422,24,17031242200,,242200,31,0.466,1771,721,1050,0.407114625,0.592885375
17,2423,24,Census Tract 2423,24,17031242300,,242300,31,0.445,1770,676,1094,0.381920904,0.618079096
17,2424,24,Census Tract 2424,24,17031242400,,242400,31,0.399,1385,320,1065,0.231046931,0.768953069
17,2425,24,Census Tract 2425,24,17031242500,,242500,31,0.422,1460,394,1066,0.269863014,0.730136986
17,2426,24,Census Tract 2426,24,17031242600,,242600,31,0.527,2181,765,1416,0.350756534,0.649243466
17,2427,24,Census Tract 2427,24,17031242700,,242700,31,0.546,741,145,596,0.195681511,0.804318489
17,2428,24,Census Tract 2428,24,17031242800,,242800,31,0.433,623,382,241,0.613162119,0.386837881
17,2429,24,Census Tract 2429,24,17031242900,,242900,31,0.482,934,380,554,0.406852248,0.593147752
17,2430,24,Census Tract 2430,24,17031243000,,243000,31,0.519,1029,543,486,0.527696793,0.472303207
17,2431,24,Census Tract 2431,24,17031243100,,243100,31,0.502,818,378,440,0.462102689,0.537897311
17,2432,24,Census Tract 2432,24,17031243200,,243200,31,0.409,802,365,437,0.455112219,0.544887781
17,2433,24,Census Tract 2433,24,17031243300,,243300,31,0.47,1108,395,713,0.356498195,0.643501805
17,2434,24,Census Tract 2434,24,17031243400,,243400,31,0.398,1230,477,753,0.387804878,0.612195122
17,2435,24,Census Tract 2435,24,17031243500,,243500,31,0.449,1643,827,816,0.503347535,0.496652465
17,2502,25,Census Tract 2502,25,17031250200,,250200,31,0.438,850,479,371,0.563529412,0.436470588
17,2503,25,Census Tract 2503,25,17031250300,,250300,31,0.446,1438,643,795,0.447148818,0.552851182
17,2504,25,Census Tract 2504,25,17031250400,,250400,31,0.417,1896,943,953,0.497362869,0.502637131
17,2505,25,Census Tract 2505,25,17031250500,,250500,31,0.41,2772,2275,497,0.820707071,0.179292929
17,2506,25,Census Tract 2506,25,17031250600,,250600,31,0.404,1437,919,518,0.639526792,0.360473208
17,2507,25,Census Tract 2507,25,17031250700,,250700,31,0.419,2109,754,1355,0.35751541,0.64248459
17,2508,25,Census Tract 2508,25,17031250800,,250800,31,0.507,816,457,359,0.56004902,0.43995098
17,2510,25,Census Tract 2510,25,17031251000,,251000,31,0.488,366,146,220,0.398907104,0.601092896
17,2511,25,Census Tract 2511,25,17031251100,,251100,31,0.48,1648,644,1004,0.390776699,0.609223301
17,2512,25,Census Tract 2512,25,17031251200,,251200,31,0.424,1123,733,390,0.652715939,0.347284061
17,2513,25,Census Tract 2513,25,17031251300,,251300,31,0.418,1668,655,1013,0.392685851,0.607314149
17,2514,25,Census Tract 2514,25,17031251400,,251400,31,0.474,1658,459,1199,0.276839566,0.723160434
17,2515,25,Census Tract 2515,25,17031251500,,251500,31,0.431,1372,514,858,0.374635569,0.625364431
17,2516,25,Census Tract 2516,25,17031251600,,251600,31,0.426,1098,445,653,0.405282332,0.594717668
17,2517,25,Census Tract 2517,25,17031251700,,251700,31,0.492,458,230,228,0.502183406,0.497816594
17,2518,25,Census Tract 2518,25,17031251800,,251800,31,0.457,1734,361,1373,0.208189158,0.791810842
17,2519,25,Census Tract 2519,25,17031251900,,251900,31,0.462,1855,412,1443,0.222102426,0.777897574
17,2520,25,Census Tract 2520,25,17031252000,,252000,31,0.439,2245,322,1923,0.143429844,0.856570156
17,2521.01,25,Census Tract 2521.01,25,17031252101,,252101,31,0.612,671,107,564,0.159463487,0.840536513
17,2521.02,25,Census Tract 2521.02,25,17031252102,,252102,31,0.5,2210,841,1369,0.380542986,0.619457014
17,2522.01,25,Census Tract 2522.01,25,17031252201,,252201,31,0.49,938,335,603,0.357142857,0.642857143
17,2522.02,25,Census Tract 2522.02,25,17031252202,,252202,31,0.448,1527,390,1137,0.25540275,0.74459725
17,2601,26,Census Tract 2601,26,17031260100,,260100,31,0.499,669,71,598,0.10612855,0.89387145
17,2602,26,Census Tract 2602,26,17031260200,,260200,31,0.355,304,13,291,0.042763158,0.957236842
17,2603,26,Census Tract 2603,26,17031260300,,260300,31,0.491,541,142,399,0.262476895,0.737523105
17,2604,26,Census Tract 2604,26,17031260400,,260400,31,0.435,414,171,243,0.413043478,0.586956522
17,2605,26,Census Tract 2605,26,17031260500,,260500,31,0.457,532,201,331,0.377819549,0.622180451
17,2606,26,Census Tract 2606,26,17031260600,,260600,31,0.514,872,331,541,0.379587156,0.620412844
17,2607,26,Census Tract 2607,26,17031260700,,260700,31,0.506,601,93,508,0.154742097,0.845257903
17,2608,26,Census Tract 2608,26,17031260800,,260800,31,0.477,811,215,596,0.265104809,0.734895191
17,2609,26,Census Tract 2609,26,17031260900,,260900,31,0.48,486,156,330,0.320987654,0.679012346
17,2610,26,Census Tract 2610,26,17031261000,,261000,31,0.38,842,277,565,0.328978622,0.671021378
17,2705,27,Census Tract 2705,27,17031270500,,270500,31,0.513,700,146,554,0.208571429,0.791428571
17,2712,27,Census Tract 2712,27,17031271200,,271200,31,0.584,417,70,347,0.167865707,0.832134293
17,2713,27,Census Tract 2713,27,17031271300,,271300,31,0.452,386,77,309,0.199481865,0.800518135
17,2714,27,Census Tract 2714,27,17031271400,,271400,31,0.512,473,117,356,0.247357294,0.752642706
17,2715,27,Census Tract 2715,27,17031271500,,271500,31,0.518,509,263,246,0.516699411,0.483300589
17,2718,27,Census Tract 2718,27,17031271800,,271800,31,0.226,126,34,92,0.26984127,0.73015873
17,2801,28,Census Tract 2801,28,17031280100,,280100,31,0.423,2355,1313,1042,0.557537155,0.442462845
17,2804,28,Census Tract 2804,28,17031280400,,280400,31,0.453,323,112,211,0.346749226,0.653250774
17,2808,28,Census Tract 2808,28,17031280800,,280800,31,0.495,174,26,148,0.149425287,0.850574713
17,2809,28,Census Tract 2809,28,17031280900,,280900,31,0.634,348,45,303,0.129310345,0.870689655
17,2819,28,Census Tract 2819,28,17031281900,,281900,31,0.47,2593,808,1785,0.311608176,0.688391824
17,2827,28,Census Tract 2827,28,17031282700,,282700,31,0.491,943,375,568,0.39766702,0.60233298
17,2828,28,Census Tract 2828,28,17031282800,,282800,31,0.33,739,296,443,0.400541272,0.599458728
17,2831,28,Census Tract 2831,28,17031283100,,283100,31,0.531,1196,116,1080,0.096989967,0.903010033
17,2832,28,Census Tract 2832,28,17031283200,,283200,31,0.467,529,273,256,0.516068053,0.483931947
17,2838,28,Census Tract 2838,28,17031283800,,283800,31,0.528,1323,476,847,0.35978836,0.64021164
17,2909,29,Census Tract 2909,29,17031290900,,290900,31,0.474,1350,308,1042,0.228148148,0.771851852
17,2912,29,Census Tract 2912,29,17031291200,,291200,31,0.473,635,190,445,0.299212598,0.700787402
17,2916,29,Census Tract 2916,29,17031291600,,291600,31,0.425,356,140,216,0.393258427,0.606741573
17,2922,29,Census Tract 2922,29,17031292200,,292200,31,0.478,958,283,675,0.295407098,0.704592902
17,2924,29,Census Tract 2924,29,17031292400,,292400,31,0.491,758,170,588,0.224274406,0.775725594
17,2925,29,Census Tract 2925,29,17031292500,,292500,31,0.442,1226,529,697,0.431484502,0.568515498
17,3005,30,Census Tract 3005,30,17031300500,,300500,31,0.343,715,109,606,0.152447552,0.847552448
17,3006,30,Census Tract 3006,30,17031300600,,300600,31,0.447,796,297,499,0.373115578,0.626884422
17,3007,30,Census Tract 3007,30,17031300700,,300700,31,0.337,1081,348,733,0.321924144,0.678075856
17,3008,30,Census Tract 3008,30,17031300800,,300800,31,0.397,1065,351,714,0.329577465,0.670422535
17,3009,30,Census Tract 3009,30,17031300900,,300900,31,0.414,1010,323,687,0.31980198,0.68019802
17,3011,30,Census Tract 3011,30,17031301100,,301100,31,0.388,685,181,504,0.264233577,0.735766423
17,3012,30,Census Tract 3012,30,17031301200,,301200,31,0.508,1134,376,758,0.331569665,0.668430335
17,3016,30,Census Tract 3016,30,17031301600,,301600,31,0.391,1191,452,739,0.379513014,0.620486986
17,3017.01,30,Census Tract 3017.01,30,17031301701,,301701,31,0.358,937,435,502,0.464247599,0.535752401
17,3017.02,30,Census Tract 3017.02,30,17031301702,,301702,31,0.435,871,373,498,0.428243398,0.571756602
17,3018.01,30,Census Tract 3018.01,30,17031301801,,301801,31,0.345,978,440,538,0.449897751,0.550102249
17,3018.02,30,Census Tract 3018.02,30,17031301802,,301802,31,0.366,688,212,476,0.308139535,0.691860465
17,3018.03,30,Census Tract 3018.03,30,17031301803,,301803,31,0.338,1091,589,502,0.539871677,0.460128323
17,3102,31,Census Tract 3102,31,17031310200,,310200,31,0.448,600,211,389,0.351666667,0.648333333
17,3103,31,Census Tract 3103,31,17031310300,,310300,31,0.339,632,190,442,0.300632911,0.699367089
17,3104,31,Census Tract 3104,31,17031310400,,310400,31,0.411,526,225,301,0.427756654,0.572243346
17,3105,31,Census Tract 3105,31,17031310500,,310500,31,0.517,494,146,348,0.295546559,0.704453441
17,3106,31,Census Tract 3106,31,17031310600,,310600,31,0.405,1977,397,1580,0.200809307,0.799190693
17,3107,31,Census Tract 3107,31,17031310700,,310700,31,0.489,565,120,445,0.212389381,0.787610619
17,3108,31,Census Tract 3108,31,17031310800,,310800,31,0.401,1421,512,909,0.360309641,0.639690359
17,3109,31,Census Tract 3109,31,17031310900,,310900,31,0.417,1651,467,1184,0.282858873,0.717141127
17,3201,32,Census Tract 3201,32,17031320100,,320100,31,0.505,4735,2203,2532,0.465258712,0.534741288
17,3204,32,Census Tract 3204,32,17031320400,,320400,31,0.456,220,148,72,0.672727273,0.327272727
17,3206,32,Census Tract 3206,32,17031320600,,320600,31,0.518,2089,993,1096,0.475347056,0.524652944
17,3301,33,Census Tract 3301,33,17031330100,,330100,31,0.492,7981,4075,3906,0.510587646,0.489412354
17,3302,33,Census Tract 3302,33,17031330200,,330200,31,0.45,1809,1292,517,0.714206744,0.285793256
17,3403,34,Census Tract 3403,34,17031340300,,340300,31,0.571,696,219,477,0.314655172,0.685344828
17,3404,34,Census Tract 3404,34,17031340400,,340400,31,0.454,618,280,338,0.453074434,0.546925566
17,3405,34,Census Tract 3405,34,17031340500,,340500,31,0.531,873,163,710,0.186712486,0.813287514
17,3406,34,Census Tract 3406,34,17031340600,,340600,31,0.421,403,0,403,0,1
17,3501,35,Census Tract 3501,35,17031350100,,350100,31,0.452,1590,0,1590,0,1
17,3504,35,Census Tract 3504,35,17031350400,,350400,31,0.578,212,0,212,0,1
17,3510,35,Census Tract 3510,35,17031351000,,351000,31,0.413,2060,245,1815,0.118932039,0.881067961
17,3511,35,Census Tract 3511,35,17031351100,,351100,31,0.57,875,0,875,0,1
17,3514,35,Census Tract 3514,35,17031351400,,351400,31,0.533,806,70,736,0.086848635,0.913151365
17,3515,35,Census Tract 3515,35,17031351500,,351500,31,0.164,36,0,36,0,1
17,3602,36,Census Tract 3602,36,17031360200,,360200,31,0.496,369,33,336,0.089430894,0.910569106
17,3801,38,Census Tract 3801,38,17031380100,,380100,31,0.571,1056,249,807,0.235795455,0.764204545
17,3802,38,Census Tract 3802,38,17031380200,,380200,31,0.485,1097,122,975,0.111212397,0.888787603
17,3805,38,Census Tract 3805,38,17031380500,,380500,31,0.265,86,0,86,0,1
17,3807,38,Census Tract 3807,38,17031380700,,380700,31,0.431,438,31,407,0.070776256,0.929223744
17,3812,38,Census Tract 3812,38,17031381200,,381200,31,0.515,1059,328,731,0.309726157,0.690273843
17,3814,38,Census Tract 3814,38,17031381400,,381400,31,0.387,604,273,331,0.451986755,0.548013245
17,3815,38,Census Tract 3815,38,17031381500,,381500,31,0.315,163,8,155,0.049079755,0.950920245
17,3817,38,Census Tract 3817,38,17031381700,,381700,31,-,0,0,0,#DIV/0!,#DIV/0!
17,3818,38,Census Tract 3818,38,17031381800,,381800,31,0.566,520,107,413,0.205769231,0.794230769
17,3819,38,Census Tract 3819,38,17031381900,,381900,31,0.541,578,173,405,0.299307958,0.700692042
17,3901,39,Census Tract 3901,39,17031390100,,390100,31,0.45,572,253,319,0.442307692,0.557692308
17,3902,39,Census Tract 3902,39,17031390200,,390200,31,0.405,828,559,269,0.675120773,0.324879227
17,3903,39,Census Tract 3903,39,17031390300,,390300,31,0.656,1310,207,1103,0.158015267,0.841984733
17,3904,39,Census Tract 3904,39,17031390400,,390400,31,0.55,1625,541,1084,0.332923077,0.667076923
17,3905,39,Census Tract 3905,39,17031390500,,390500,31,0.657,729,311,418,0.426611797,0.573388203
17,3906,39,Census Tract 3906,39,17031390600,,390600,31,0.538,895,466,429,0.520670391,0.479329609
17,3907,39,Census Tract 3907,39,17031390700,,390700,31,0.571,3363,1099,2264,0.326791555,0.673208445
17,4003,40,Census Tract 4003,40,17031400300,,400300,31,0.441,549,167,382,0.304189435,0.695810565
17,4004,40,Census Tract 4004,40,17031400400,,400400,31,0.554,600,151,449,0.251666667,0.748333333
17,4005,40,Census Tract 4005,40,17031400500,,400500,31,0.454,752,70,682,0.093085106,0.906914894
17,4008,40,Census Tract 4008,40,17031400800,,400800,31,0.487,833,83,750,0.099639856,0.900360144
17,4101,41,Census Tract 4101,41,17031410100,,410100,31,0.489,1046,226,820,0.216061185,0.783938815
17,4102,41,Census Tract 4102,41,17031410200,,410200,31,0.662,640,143,497,0.2234375,0.7765625
17,4105,41,Census Tract 4105,41,17031410500,,410500,31,0.476,1154,427,727,0.370017331,0.629982669
17,4106,41,Census Tract 4106,41,17031410600,,410600,31,0.668,936,326,610,0.348290598,0.651709402
17,4107,41,Census Tract 4107,41,17031410700,,410700,31,0.55,1089,360,729,0.330578512,0.669421488
17,4108,41,Census Tract 4108,41,17031410800,,410800,31,0.491,1525,546,979,0.358032787,0.641967213
17,4109,41,Census Tract 4109,41,17031410900,,410900,31,0.532,1743,808,935,0.46356856,0.53643144
17,4110,41,Census Tract 4110,41,17031411000,,411000,31,0.486,2076,787,1289,0.379094412,0.620905588
17,4111,41,Census Tract 4111,41,17031411100,,411100,31,0.547,982,533,449,0.542769857,0.457230143
17,4112,41,Census Tract 4112,41,17031411200,,411200,31,0.605,718,364,354,0.506963788,0.493036212
17,4201,42,Census Tract 4201,42,17031420100,,420100,31,0.487,685,61,624,0.089051095,0.910948905
17,4202,42,Census Tract 4202,42,17031420200,,420200,31,0.539,677,185,492,0.273264402,0.726735598
17,4203,42,Census Tract 4203,42,17031420300,,420300,31,0.481,600,218,382,0.363333333,0.636666667
17,4204,42,Census Tract 4204,42,17031420400,,420400,31,0.527,782,126,656,0.16112532,0.83887468
17,4205,42,Census Tract 4205,42,17031420500,,420500,31,0.46,1109,140,969,0.126239856,0.873760144
17,4206,42,Census Tract 4206,42,17031420600,,420600,31,0.545,627,128,499,0.20414673,0.79585327
17,4207,42,Census Tract 4207,42,17031420700,,420700,31,0.477,1217,291,926,0.239112572,0.760887428
17,4208,42,Census Tract 4208,42,17031420800,,420800,31,0.493,773,183,590,0.236739974,0.763260026
17,4212,42,Census Tract 4212,42,17031421200,,421200,31,0.539,618,191,427,0.309061489,0.690938511
17,4301.01,43,Census Tract 4301.01,43,17031430101,,430101,31,0.524,1777,270,1507,0.151941474,0.848058526
17,4301.02,43,Census Tract 4301.02,43,17031430102,,430102,31,0.461,1785,273,1512,0.152941176,0.847058824
17,4302,43,Census Tract 4302,43,17031430200,,430200,31,0.631,2477,404,2073,0.163100525,0.836899475
17,4303,43,Census Tract 4303,43,17031430300,,430300,31,0.465,873,215,658,0.246277205,0.753722795
17,4304,43,Census Tract 4304,43,17031430400,,430400,31,0.445,992,408,584,0.411290323,0.588709677
17,4305,43,Census Tract 4305,43,17031430500,,430500,31,0.464,1791,133,1658,0.07426019,0.92573981
17,4306,43,Census Tract 4306,43,17031430600,,430600,31,0.473,751,320,431,0.426098535,0.573901465
17,4307,43,Census Tract 4307,43,17031430700,,430700,31,0.46,1260,286,974,0.226984127,0.773015873
17,4308,43,Census Tract 4308,43,17031430800,,430800,31,0.458,835,366,469,0.438323353,0.561676647
17,4309,43,Census Tract 4309,43,17031430900,,430900,31,0.481,655,212,443,0.323664122,0.676335878
17,4312,43,Census Tract 4312,43,17031431200,,431200,31,0.452,1148,744,404,0.648083624,0.351916376
17,4313.01,43,Census Tract 4313.01,43,17031431301,,431301,31,0.498,1417,134,1283,0.094565984,0.905434016
17,4313.02,43,Census Tract 4313.02,43,17031431302,,431302,31,0.508,1408,143,1265,0.1015625,0.8984375
17,4314,43,Census Tract 4314,43,17031431400,,431400,31,0.453,3215,504,2711,0.156765163,0.843234837
17,4401.01,44,Census Tract 4401.01,44,17031440101,,440101,31,0.494,1817,227,1590,0.124931205,0.875068795
17,4401.02,44,Census Tract 4401.02,44,17031440102,,440102,31,0.417,1804,209,1595,0.115853659,0.884146341
17,4402.01,44,Census Tract 4402.01,44,17031440201,,440201,31,0.523,2491,425,2066,0.170614211,0.829385789
17,4402.02,44,Census Tract 4402.02,44,17031440202,,440202,31,0.443,1705,481,1224,0.282111437,0.717888563
17,4403,44,Census Tract 4403,44,17031440300,,440300,31,0.467,2290,1253,1037,0.547161572,0.452838428
17,4406,44,Census Tract 4406,44,17031440600,,440600,31,0.389,913,816,97,0.893756846,0.106243154
17,4407,44,Census Tract 4407,44,17031440700,,440700,31,0.421,620,456,164,0.735483871,0.264516129
17,4408,44,Census Tract 4408,44,17031440800,,440800,31,0.527,804,180,624,0.223880597,0.776119403
17,4409,44,Census Tract 4409,44,17031440900,,440900,31,0.401,1093,696,397,0.636779506,0.363220494
17,4503,45,Census Tract 4503,45,17031450300,,450300,31,0.471,1537,1073,464,0.698113208,0.301886792
17,4601,46,Census Tract 4601,46,17031460100,,460100,31,0.434,1479,500,979,0.338066261,0.661933739
17,4602,46,Census Tract 4602,46,17031460200,,460200,31,0.418,791,290,501,0.366624526,0.633375474
17,4603.01,46,Census Tract 4603.01,46,17031460301,,460301,31,0.354,1088,410,678,0.376838235,0.623161765
17,4603.02,46,Census Tract 4603.02,46,17031460302,,460302,31,0.493,1394,518,876,0.371592539,0.628407461
17,4604,46,Census Tract 4604,46,17031460400,,460400,31,0.402,1514,874,640,0.577278732,0.422721268
17,4605,46,Census Tract 4605,46,17031460500,,460500,31,0.406,2391,1466,925,0.613132581,0.386867419
17,4606,46,Census Tract 4606,46,17031460600,,460600,31,0.497,397,112,285,0.282115869,0.717884131
17,4607,46,Census Tract 4607,46,17031460700,,460700,31,0.461,1068,183,885,0.171348315,0.828651685
17,4610,46,Census Tract 4610,46,17031461000,,461000,31,0.472,712,163,549,0.228932584,0.771067416
17,4701,47,Census Tract 4701,47,17031470100,,470100,31,0.434,1148,642,506,0.559233449,0.440766551
17,4801,48,Census Tract 4801,48,17031480100,,480100,31,0.394,937,790,147,0.843116329,0.156883671
17,4802,48,Census Tract 4802,48,17031480200,,480200,31,0.349,602,282,320,0.468438538,0.531561462
17,4803,48,Census Tract 4803,48,17031480300,,480300,31,0.351,653,414,239,0.633996937,0.366003063
17,4804,48,Census Tract 4804,48,17031480400,,480400,31,0.44,2539,2159,380,0.850334777,0.149665223
17,4805,48,Census Tract 4805,48,17031480500,,480500,31,0.497,1099,778,321,0.707916288,0.292083712
17,4903,49,Census Tract 4903,49,17031490300,,490300,31,0.448,948,678,270,0.715189873,0.284810127
17,4904,49,Census Tract 4904,49,17031490400,,490400,31,0.435,488,328,160,0.672131148,0.327868852
17,4905,49,Census Tract 4905,49,17031490500,,490500,31,0.334,753,608,145,0.807436919,0.192563081
17,4906,49,Census Tract 4906,49,17031490600,,490600,31,0.415,544,438,106,0.805147059,0.194852941
17,4907,49,Census Tract 4907,49,17031490700,,490700,31,0.367,1051,834,217,0.793529971,0.206470029
17,4908,49,Census Tract 4908,49,17031490800,,490800,31,0.406,1479,1182,297,0.799188641,0.200811359
17,4909.01,49,Census Tract 4909.01,49,17031490901,,490901,31,0.522,1490,519,971,0.348322148,0.651677852
17,4909.02,49,Census Tract 4909.02,49,17031490902,,490902,31,0.442,2004,1207,797,0.602295409,0.397704591
17,4910,49,Census Tract 4910,49,17031491000,,491000,31,0.424,1549,808,741,0.521626856,0.478373144
17,4911,49,Census Tract 4911,49,17031491100,,491100,31,0.433,1636,1316,320,0.804400978,0.195599022
17,4912,49,Census Tract 4912,49,17031491200,,491200,31,0.359,828,665,163,0.803140097,0.196859903
17,4913,49,Census Tract 4913,49,17031491300,,491300,31,0.447,944,428,516,0.453389831,0.546610169
17,4914,49,Census Tract 4914,49,17031491400,,491400,31,0.419,1110,269,841,0.242342342,0.757657658
17,5001,50,Census Tract 5001,50,17031500100,,500100,31,0.348,1562,748,814,0.478873239,0.521126761
17,5002,50,Census Tract 5002,50,17031500200,,500200,31,0.448,703,358,345,0.509246088,0.490753912
17,5003,50,Census Tract 5003,50,17031500300,,500300,31,0.379,892,436,456,0.488789238,0.511210762
17,5101,51,Census Tract 5101,51,17031510100,,510100,31,0.4,1085,866,219,0.798156682,0.201843318
17,5102,51,Census Tract 5102,51,17031510200,,510200,31,0.44,1085,767,318,0.706912442,0.293087558
17,5103,51,Census Tract 5103,51,17031510300,,510300,31,0.401,2171,1542,629,0.710271764,0.289728236
17,5201,52,Census Tract 5201,52,17031520100,,520100,31,0.463,534,247,287,0.462546816,0.537453184
17,5202,52,Census Tract 5202,52,17031520200,,520200,31,0.437,1123,472,651,0.42030276,0.57969724
17,5203,52,Census Tract 5203,52,17031520300,,520300,31,0.37,1808,1295,513,0.716261062,0.283738938
17,5204,52,Census Tract 5204,52,17031520400,,520400,31,0.434,1347,957,390,0.710467706,0.289532294
17,5205,52,Census Tract 5205,52,17031520500,,520500,31,0.417,1491,1347,144,0.903420523,0.096579477
17,5206,52,Census Tract 5206,52,17031520600,,520600,31,0.359,843,783,60,0.928825623,0.071174377
17,5301,53,Census Tract 5301,53,17031530100,,530100,31,0.506,864,342,522,0.395833333,0.604166667
17,5302,53,Census Tract 5302,53,17031530200,,530200,31,0.448,1521,712,809,0.468113083,0.531886917
17,5303,53,Census Tract 5303,53,17031530300,,530300,31,0.421,1570,1296,274,0.825477707,0.174522293
17,5304,53,Census Tract 5304,53,17031530400,,530400,31,0.416,676,527,149,0.779585799,0.220414201
17,5305.01,53,Census Tract 5305.01,53,17031530501,,530501,31,0.433,1763,918,845,0.520703347,0.479296653
17,5305.02,53,Census Tract 5305.02,53,17031530502,,530502,31,0.406,563,489,74,0.868561279,0.131438721
17,5305.03,53,Census Tract 5305.03,53,17031530503,,530503,31,0.407,1794,1547,247,0.862318841,0.137681159
17,5306,53,Census Tract 5306,53,17031530600,,530600,31,0.451,1297,653,644,0.503469545,0.496530455
17,5401.01,54,Census Tract 5401.01,54,17031540101,,540101,31,0.64,945,107,838,0.113227513,0.886772487
17,5401.02,54,Census Tract 5401.02,54,17031540102,,540102,31,0.493,1094,214,880,0.195612431,0.804387569
17,5501,55,Census Tract 5501,55,17031550100,,550100,31,0.417,2739,1892,847,0.690763052,0.309236948
17,5502,55,Census Tract 5502,55,17031550200,,550200,31,0.376,1091,1018,73,0.933088909,0.066911091
17,5601,56,Census Tract 5601,56,17031560100,,560100,31,0.5,292,180,112,0.616438356,0.383561644
17,5602,56,Census Tract 5602,56,17031560200,,560200,31,0.424,763,464,299,0.608125819,0.391874181
17,5603,56,Census Tract 5603,56,17031560300,,560300,31,0.371,945,897,48,0.949206349,0.050793651
17,5604,56,Census Tract 5604,56,17031560400,,560400,31,0.361,404,404,0,1,0
17,5607,56,Census Tract 5607,56,17031560700,,560700,31,0.403,1183,799,384,0.675401522,0.324598478
17,5608,56,Census Tract 5608,56,17031560800,,560800,31,0.383,2123,1600,523,0.753650495,0.246349505
17,5609,56,Census Tract 5609,56,17031560900,,560900,31,0.342,1844,1748,96,0.947939262,0.052060738
17,5610,56,Census Tract 5610,56,17031561000,,561000,31,0.345,1952,1723,229,0.882684426,0.117315574
17,5611,56,Census Tract 5611,56,17031561100,,561100,31,0.342,1990,1838,152,0.92361809,0.07638191
17,5701,57,Census Tract 5701,57,17031570100,,570100,31,0.411,381,231,150,0.606299213,0.393700787
17,5702,57,Census Tract 5702,57,17031570200,,570200,31,0.385,519,428,91,0.824662813,0.175337187
17,5703,57,Census Tract 5703,57,17031570300,,570300,31,0.377,1600,969,631,0.605625,0.394375
17,5704,57,Census Tract 5704,57,17031570400,,570400,31,0.405,408,235,173,0.575980392,0.424019608
17,5705,57,Census Tract 5705,57,17031570500,,570500,31,0.391,731,487,244,0.66621067,0.33378933
17,5801,58,Census Tract 5801,58,17031580100,,580100,31,0.422,818,432,386,0.528117359,0.471882641
17,5802,58,Census Tract 5802,58,17031580200,,580200,31,0.396,915,441,474,0.481967213,0.518032787
17,5803,58,Census Tract 5803,58,17031580300,,580300,31,0.348,576,340,236,0.590277778,0.409722222
17,5804,58,Census Tract 5804,58,17031580400,,580400,31,0.447,1235,620,615,0.502024291,0.497975709
17,5805.01,58,Census Tract 5805.01,58,17031580501,,580501,31,0.341,1447,628,819,0.434001382,0.565998618
17,5805.02,58,Census Tract 5805.02,58,17031580502,,580502,31,0.36,1225,643,582,0.524897959,0.475102041
17,5806,58,Census Tract 5806,58,17031580600,,580600,31,0.33,1540,631,909,0.40974026,0.59025974
17,5807,58,Census Tract 5807,58,17031580700,,580700,31,0.389,1477,693,784,0.469194313,0.530805687
17,5808,58,Census Tract 5808,58,17031580800,,580800,31,0.379,484,279,205,0.576446281,0.423553719
17,5905,59,Census Tract 5905,59,17031590500,,590500,31,0.32,634,334,300,0.52681388,0.47318612
17,5906,59,Census Tract 5906,59,17031590600,,590600,31,0.409,1193,657,536,0.55071249,0.44928751
17,5907,59,Census Tract 5907,59,17031590700,,590700,31,0.381,950,509,441,0.535789474,0.464210526
17,6004,60,Census Tract 6004,60,17031600400,,600400,31,0.382,1460,630,830,0.431506849,0.568493151
17,6006,60,Census Tract 6006,60,17031600600,,600600,31,0.493,939,469,470,0.499467519,0.500532481
17,6007,60,Census Tract 6007,60,17031600700,,600700,31,0.449,961,466,495,0.48491155,0.51508845
17,6009,60,Census Tract 6009,60,17031600900,,600900,31,0.462,1421,543,878,0.382125264,0.617874736
17,6103,61,Census Tract 6103,61,17031610300,,610300,31,0.386,1393,417,976,0.299353912,0.700646088
17,6104,61,Census Tract 6104,61,17031610400,,610400,31,0.374,554,183,371,0.33032491,0.66967509
17,6108,61,Census Tract 6108,61,17031610800,,610800,31,0.376,538,429,109,0.79739777,0.20260223
17,6110,61,Census Tract 6110,61,17031611000,,611000,31,0.442,241,78,163,0.323651452,0.676348548
17,6111,61,Census Tract 6111,61,17031611100,,611100,31,0.404,642,187,455,0.291277259,0.708722741
17,6112,61,Census Tract 6112,61,17031611200,,611200,31,0.315,694,296,398,0.426512968,0.573487032
17,6113,61,Census Tract 6113,61,17031611300,,611300,31,0.347,888,338,550,0.380630631,0.619369369
17,6114,61,Census Tract 6114,61,17031611400,,611400,31,0.363,1043,379,664,0.36337488,0.63662512
17,6115,61,Census Tract 6115,61,17031611500,,611500,31,0.391,1016,474,542,0.466535433,0.533464567
17,6116,61,Census Tract 6116,61,17031611600,,611600,31,0.423,392,204,188,0.520408163,0.479591837
17,6117,61,Census Tract 6117,61,17031611700,,611700,31,0.421,539,281,258,0.521335807,0.478664193
17,6118,61,Census Tract 6118,61,17031611800,,611800,31,0.424,699,207,492,0.296137339,0.703862661
17,6119,61,Census Tract 6119,61,17031611900,,611900,31,0.438,620,211,409,0.340322581,0.659677419
17,6120,61,Census Tract 6120,61,17031612000,,612000,31,0.42,491,276,215,0.562118126,0.437881874
17,6121,61,Census Tract 6121,61,17031612100,,612100,31,0.52,486,150,336,0.308641975,0.691358025
17,6201,62,Census Tract 6201,62,17031620100,,620100,31,0.357,1069,930,139,0.869971936,0.130028064
17,6202,62,Census Tract 6202,62,17031620200,,620200,31,0.393,705,389,316,0.55177305,0.44822695
17,6203,62,Census Tract 6203,62,17031620300,,620300,31,0.351,1911,1406,505,0.73574045,0.26425955
17,6204,62,Census Tract 6204,62,17031620400,,620400,31,0.269,1225,1057,168,0.862857143,0.137142857
17,6301,63,Census Tract 6301,63,17031630100,,630100,31,0.411,374,127,247,0.339572193,0.660427807
17,6302,63,Census Tract 6302,63,17031630200,,630200,31,0.321,544,291,253,0.534926471,0.465073529
17,6303,63,Census Tract 6303,63,17031630300,,630300,31,0.387,1192,815,377,0.683724832,0.316275168
17,6304,63,Census Tract 6304,63,17031630400,,630400,31,0.356,1615,1006,609,0.622910217,0.377089783
17,6305,63,Census Tract 6305,63,17031630500,,630500,31,0.324,1349,705,644,0.52260934,0.47739066
17,6308,63,Census Tract 6308,63,17031630800,,630800,31,0.363,1691,1025,666,0.606150207,0.393849793
17,6309,63,Census Tract 6309,63,17031630900,,630900,31,0.364,1141,577,564,0.505696757,0.494303243
17,6401,64,Census Tract 6401,64,17031640100,,640100,31,0.417,441,293,148,0.664399093,0.335600907
17,6403,64,Census Tract 6403,64,17031640300,,640300,31,0.411,2290,1825,465,0.796943231,0.203056769
17,6404,64,Census Tract 6404,64,17031640400,,640400,31,0.366,1245,962,283,0.772690763,0.227309237
17,6405,64,Census Tract 6405,64,17031640500,,640500,31,0.336,1425,1212,213,0.850526316,0.149473684
17,6406,64,Census Tract 6406,64,17031640600,,640600,31,0.394,1604,910,694,0.567331671,0.432668329
17,6407,64,Census Tract 6407,64,17031640700,,640700,31,0.295,1067,843,224,0.790065604,0.209934396
17,6408,64,Census Tract 6408,64,17031640800,,640800,31,0.367,480,388,92,0.808333333,0.191666667
17,6501,65,Census Tract 6501,65,17031650100,,650100,31,0.37,1265,916,349,0.724110672,0.275889328
17,6502,65,Census Tract 6502,65,17031650200,,650200,31,0.407,1943,1238,705,0.637159032,0.362840968
17,6503.01,65,Census Tract 6503.01,65,17031650301,,650301,31,0.35,1563,1220,343,0.780550224,0.219449776
17,6503.02,65,Census Tract 6503.02,65,17031650302,,650302,31,0.327,1129,1101,28,0.975199291,0.024800709
17,6504,65,Census Tract 6504,65,17031650400,,650400,31,0.358,1632,1288,344,0.789215686,0.210784314
17,6505,65,Census Tract 6505,65,17031650500,,650500,31,0.394,1520,1281,239,0.842763158,0.157236842
17,6603.01,66,Census Tract 6603.01,66,17031660301,,660301,31,0.389,486,77,409,0.158436214,0.841563786
17,6603.02,66,Census Tract 6603.02,66,17031660302,,660302,31,0.383,1339,692,647,0.516803585,0.483196415
17,6604,66,Census Tract 6604,66,17031660400,,660400,31,0.397,1474,845,629,0.573270014,0.426729986
17,6605,66,Census Tract 6605,66,17031660500,,660500,31,0.417,1235,631,604,0.510931174,0.489068826
17,6606,66,Census Tract 6606,66,17031660600,,660600,31,0.404,1795,721,1074,0.401671309,0.598328691
17,6607,66,Census Tract 6607,66,17031660700,,660700,31,0.377,599,326,273,0.544240401,0.455759599
17,6608,66,Census Tract 6608,66,17031660800,,660800,31,0.398,1835,633,1202,0.344959128,0.655040872
17,6609,66,Census Tract 6609,66,17031660900,,660900,31,0.448,1495,430,1065,0.287625418,0.712374582
17,6610,66,Census Tract 6610,66,17031661000,,661000,31,0.397,1942,1165,777,0.599897013,0.400102987
17,6611,66,Census Tract 6611,66,17031661100,,661100,31,0.408,1836,1295,541,0.705337691,0.294662309
17,6701,67,Census Tract 6701,67,17031670100,,670100,31,0.363,488,242,246,0.495901639,0.504098361
17,6702,67,Census Tract 6702,67,17031670200,,670200,31,0.369,464,210,254,0.452586207,0.547413793
17,6703,67,Census Tract 6703,67,17031670300,,670300,31,0.374,318,133,185,0.418238994,0.581761006
17,6704,67,Census Tract 6704,67,17031670400,,670400,31,0.439,546,230,316,0.421245421,0.578754579
17,6705,67,Census Tract 6705,67,17031670500,,670500,31,0.39,315,160,155,0.507936508,0.492063492
17,6706,67,Census Tract 6706,67,17031670600,,670600,31,0.389,508,255,253,0.501968504,0.498031496
17,6707,67,Census Tract 6707,67,17031670700,,670700,31,0.491,398,164,234,0.412060302,0.587939698
17,6708,67,Census Tract 6708,67,17031670800,,670800,31,0.394,573,230,343,0.401396161,0.598603839
17,6709,67,Census Tract 6709,67,17031670900,,670900,31,0.439,500,268,232,0.536,0.464
17,6711,67,Census Tract 6711,67,17031671100,,671100,31,0.401,343,125,218,0.364431487,0.635568513
17,6712,67,Census Tract 6712,67,17031671200,,671200,31,0.248,403,135,268,0.334987593,0.665012407
17,6713,67,Census Tract 6713,67,17031671300,,671300,31,0.445,776,297,479,0.382731959,0.617268041
17,6714,67,Census Tract 6714,67,17031671400,,671400,31,0.389,500,335,165,0.67,0.33
17,6715,67,Census Tract 6715,67,17031671500,,671500,31,0.419,897,434,463,0.483835006,0.516164994
17,6716,67,Census Tract 6716,67,17031671600,,671600,31,0.426,880,281,599,0.319318182,0.680681818
17,6718,67,Census Tract 6718,67,17031671800,,671800,31,0.475,369,157,212,0.425474255,0.574525745
17,6719,67,Census Tract 6719,67,17031671900,,671900,31,0.471,370,243,127,0.656756757,0.343243243
17,6720,67,Census Tract 6720,67,17031672000,,672000,31,0.38,1163,849,314,0.730008598,0.269991402
17,6805,68,Census Tract 6805,68,17031680500,,680500,31,0.509,504,225,279,0.446428571,0.553571429
17,6806,68,Census Tract 6806,68,17031680600,,680600,31,0.558,542,167,375,0.308118081,0.691881919
17,6809,68,Census Tract 6809,68,17031680900,,680900,31,0.536,1669,281,1388,0.16836429,0.83163571
17,6810,68,Census Tract 6810,68,17031681000,,681000,31,0.494,1184,377,807,0.318412162,0.681587838
17,6811,68,Census Tract 6811,68,17031681100,,681100,31,0.523,1350,521,829,0.385925926,0.614074074
17,6812,68,Census Tract 6812,68,17031681200,,681200,31,0.505,937,270,667,0.288153682,0.711846318
17,6813,68,Census Tract 6813,68,17031681300,,681300,31,0.585,952,239,713,0.25105042,0.74894958
17,6814,68,Census Tract 6814,68,17031681400,,681400,31,0.646,1132,426,706,0.376325088,0.623674912
17,6903,69,Census Tract 6903,69,17031690300,,690300,31,0.615,809,101,708,0.124845488,0.875154512
17,6904,69,Census Tract 6904,69,17031690400,,690400,31,0.453,1561,430,1131,0.275464446,0.724535554
17,6905,69,Census Tract 6905,69,17031690500,,690500,31,0.378,468,187,281,0.39957265,0.60042735
17,6909,69,Census Tract 6909,69,17031690900,,690900,31,0.429,1964,762,1202,0.387983707,0.612016293
17,6910,69,Census Tract 6910,69,17031691000,,691000,31,0.414,1138,584,554,0.513181019,0.486818981
17,6911,69,Census Tract 6911,69,17031691100,,691100,31,0.465,1327,365,962,0.275056518,0.724943482
17,6912,69,Census Tract 6912,69,17031691200,,691200,31,0.536,1015,287,728,0.282758621,0.717241379
17,6913,69,Census Tract 6913,69,17031691300,,691300,31,0.38,1127,625,502,0.554569654,0.445430346
17,6914,69,Census Tract 6914,69,17031691400,,691400,31,0.494,1448,823,625,0.568370166,0.431629834
17,6915,69,Census Tract 6915,69,17031691500,,691500,31,0.43,794,264,530,0.332493703,0.667506297
17,7001,70,Census Tract 7001,70,17031700100,,700100,31,0.364,955,733,222,0.767539267,0.232460733
17,7002,70,Census Tract 7002,70,17031700200,,700200,31,0.359,1828,1567,261,0.857221007,0.142778993
17,7003.01,70,Census Tract 7003.01,70,17031700301,,700301,31,0.369,1708,1486,222,0.870023419,0.129976581
17,7003.02,70,Census Tract 7003.02,70,17031700302,,700302,31,0.374,1741,1605,136,0.921883975,0.078116025
17,7004.01,70,Census Tract 7004.01,70,17031700401,,700401,31,0.332,1761,1649,112,0.936399773,0.063600227
17,7004.02,70,Census Tract 7004.02,70,17031700402,,700402,31,0.353,1385,1350,35,0.974729242,0.025270758
17,7005.01,70,Census Tract 7005.01,70,17031700501,,700501,31,0.314,2474,2149,325,0.868633791,0.131366209
17,7005.02,70,Census Tract 7005.02,70,17031700502,,700502,31,0.383,1143,992,151,0.867891514,0.132108486
17,7101,71,Census Tract 7101,71,17031710100,,710100,31,0.572,466,135,331,0.289699571,0.710300429
17,7102,71,Census Tract 7102,71,17031710200,,710200,31,0.469,1940,501,1439,0.258247423,0.741752577
17,7103,71,Census Tract 7103,71,17031710300,,710300,31,0.442,574,158,416,0.275261324,0.724738676
17,7104,71,Census Tract 7104,71,17031710400,,710400,31,0.406,2038,1218,820,0.59764475,0.40235525
17,7105,71,Census Tract 7105,71,17031710500,,710500,31,0.498,1687,525,1162,0.31120332,0.68879668
17,7106,71,Census Tract 7106,71,17031710600,,710600,31,0.496,745,302,443,0.405369128,0.594630872
17,7107,71,Census Tract 7107,71,17031710700,,710700,31,0.443,1211,527,684,0.435177539,0.564822461
17,7108,71,Census Tract 7108,71,17031710800,,710800,31,0.437,1763,686,1077,0.389109472,0.610890528
17,7109,71,Census Tract 7109,71,17031710900,,710900,31,0.475,674,408,266,0.605341246,0.394658754
17,7110,71,Census Tract 7110,71,17031711000,,711000,31,0.429,1223,678,545,0.554374489,0.445625511
17,7111,71,Census Tract 7111,71,17031711100,,711100,31,0.453,1066,571,495,0.53564728,0.46435272
17,7112,71,Census Tract 7112,71,17031711200,,711200,31,0.383,2003,1517,486,0.757363954,0.242636046
17,7113,71,Census Tract 7113,71,17031711300,,711300,31,0.507,564,358,206,0.634751773,0.365248227
17,7114,71,Census Tract 7114,71,17031711400,,711400,31,0.368,872,670,202,0.768348624,0.231651376
17,7115,71,Census Tract 7115,71,17031711500,,711500,31,0.458,873,674,199,0.772050401,0.227949599
17,7201,72,Census Tract 7201,72,17031720100,,720100,31,0.391,1391,1372,19,0.986340762,0.013659238
17,7202,72,Census Tract 7202,72,17031720200,,720200,31,0.432,1586,1126,460,0.709962169,0.290037831
17,7203,72,Census Tract 7203,72,17031720300,,720300,31,0.381,1346,1296,50,0.962852897,0.037147103
17,7204,72,Census Tract 7204,72,17031720400,,720400,31,0.313,905,808,97,0.89281768,0.10718232
17,7205,72,Census Tract 7205,72,17031720500,,720500,31,0.374,782,741,41,0.947570332,0.052429668
17,7206,72,Census Tract 7206,72,17031720600,,720600,31,0.411,613,528,85,0.861337684,0.138662316
17,7207,72,Census Tract 7207,72,17031720700,,720700,31,0.442,1400,724,676,0.517142857,0.482857143
17,7301,73,Census Tract 7301,73,17031730100,,730100,31,0.366,936,761,175,0.813034188,0.186965812
17,7302.01,73,Census Tract 7302.01,73,17031730201,,730201,31,0.416,2373,934,1439,0.393594606,0.606405394
17,7302.02,73,Census Tract 7302.02,73,17031730202,,730202,31,0.45,1054,846,208,0.802656546,0.197343454
17,7303,73,Census Tract 7303,73,17031730300,,730300,31,0.394,427,246,181,0.576112412,0.423887588
17,7304,73,Census Tract 7304,73,17031730400,,730400,31,0.422,1399,1088,311,0.777698356,0.222301644
17,7305,73,Census Tract 7305,73,17031730500,,730500,31,0.347,1647,1334,313,0.809957498,0.190042502
17,7306,73,Census Tract 7306,73,17031730600,,730600,31,0.366,1296,1053,243,0.8125,0.1875
17,7307,73,Census Tract 7307,73,17031730700,,730700,31,0.36,684,560,124,0.81871345,0.18128655
17,7401,74,Census Tract 7401,74,17031740100,,740100,31,0.405,1193,999,194,0.837384744,0.162615256
17,7402,74,Census Tract 7402,74,17031740200,,740200,31,0.291,2015,2015,0,1,0
17,7403,74,Census Tract 7403,74,17031740300,,740300,31,0.366,1734,1641,93,0.946366782,0.053633218
17,7404,74,Census Tract 7404,74,17031740400,,740400,31,0.338,1772,1267,505,0.715011287,0.284988713
17,7501,75,Census Tract 7501,75,17031750100,,750100,31,0.452,1528,1026,502,0.671465969,0.328534031
17,7502,75,Census Tract 7502,75,17031750200,,750200,31,0.451,1113,816,297,0.733153639,0.266846361
17,7503,75,Census Tract 7503,75,17031750300,,750300,31,0.303,903,759,144,0.840531561,0.159468439
17,7504,75,Census Tract 7504,75,17031750400,,750400,31,0.321,1153,1015,138,0.880312229,0.119687771
17,7505,75,Census Tract 7505,75,17031750500,,750500,31,0.487,1926,1340,586,0.695742471,0.304257529
17,7506,75,Census Tract 7506,75,17031750600,,750600,31,0.426,1381,1082,299,0.783490224,0.216509776
17,7608.01,76,Census Tract 7608.01,76,17031760801,,760801,31,0.342,1949,528,1421,0.270908158,0.729091842
17,7608.02,76,Census Tract 7608.02,76,17031760802,,760802,31,0.355,1073,913,160,0.850885368,0.149114632
17,7608.03,76,Census Tract 7608.03,76,17031760803,,760803,31,0.398,2745,1401,1344,0.510382514,0.489617486
17,7706.02,76,Census Tract 7706.02,76,17031770602,Partially outside City Boundary,770602,31,0.434,1613,780,833,0.483570986,0.516429014
17,7709.02,76,Census Tract 7709.02,76,17031770902,Partially outside City Boundary (almost all),770902,31,0.368,1696,1145,551,0.675117925,0.324882075
17,8104,10,Census Tract 8104,10,17031810400,Partially outside City Boundary,810400,31,0.463,1943,1770,173,0.910962429,0.089037571
17,8214.02,53,Census Tract 8214.02,53,17031821402,Partially outside City Boundary (almost all),821402,31,0.355,1375,931,444,0.677090909,0.322909091
17,8233.04,75,Census Tract 8233.04,75,17031823304,Partially outside City Boundary,823304,31,0.388,2366,1597,769,0.674978867,0.325021133
17,8305,30,Census Tract 8305,30,17031830500,,830500,31,0.358,979,663,316,0.677221655,0.322778345
17,8306,1,Census Tract 8306,1,17031830600,,830600,31,0.428,1832,623,1209,0.340065502,0.659934498
17,8307,3,Census Tract 8307,3,17031830700,,830700,31,0.508,1706,570,1136,0.334114889,0.665885111
17,8308,4,Census Tract 8308,4,17031830800,,830800,31,0.404,1389,188,1201,0.135349172,0.864650828
17,8309,22,Census Tract 8309,22,17031830900,,830900,31,0.414,1244,551,693,0.442926045,0.557073955
17,8310,22,Census Tract 8310,22,17031831000,Small area in CA 24,831000,31,0.427,1156,685,471,0.592560554,0.407439446
17,8311,21,Census Tract 8311,21,17031831100,,831100,31,0.408,2623,1208,1415,0.460541365,0.539458635
17,8312,20,Census Tract 8312,20,17031831200,,831200,31,0.408,1359,580,779,0.4267844,0.5732156
17,8313,25,Census Tract 8313,25,17031831300,,831300,31,0.281,394,296,98,0.751269036,0.248730964
17,8314,25,Census Tract 8314,25,17031831400,,831400,31,0.531,1062,282,780,0.265536723,0.734463277
17,8315,19,Census Tract 8315,19,17031831500,,831500,31,0.393,1237,750,487,0.606305578,0.393694422
17,8316,18,Census Tract 8316,18,17031831600,,831600,31,0.475,2345,1175,1170,0.501066098,0.498933902
17,8317,15,Census Tract 8317,15,17031831700,,831700,31,0.366,763,444,319,0.581913499,0.418086501
17,8318,13,Census Tract 8318,13,17031831800,,831800,31,0.411,2186,950,1236,0.434583715,0.565416285
17,8319,6,Census Tract 8319,6,17031831900,,831900,31,0.358,1314,615,699,0.46803653,0.53196347
17,8320,6,Census Tract 8320,6,17031832000,,832000,31,0.388,953,469,484,0.492130115,0.507869885
17,8321,6,Census Tract 8321,6,17031832100,,832100,31,0.524,1775,607,1168,0.341971831,0.658028169
17,8322,22,Census Tract 8322,22,17031832200,,832200,31,0.463,1561,620,941,0.397181294,0.602818706
17,8323,22,Census Tract 8323,22,17031832300,,832300,31,0.434,1003,423,580,0.421734796,0.578265204
17,8324,22,Census Tract 8324,22,17031832400,,832400,31,0.472,1267,592,675,0.467245462,0.532754538
17,8325,7,Census Tract 8325,7,17031832500,,832500,31,0.629,1495,707,788,0.472909699,0.527090301
17,8326,7,Census Tract 8326,7,17031832600,,832600,31,0.504,1914,1252,662,0.654127482,0.345872518
17,8329,28,Census Tract 8329,28,17031832900,,832900,31,0.645,1192,337,855,0.282718121,0.717281879
17,8330,28,Census Tract 8330,28,17031833000,,833000,31,0.481,1382,904,478,0.654124457,0.345875543
17,8331,28,Census Tract 8331,28,17031833100,,833100,31,0.453,3275,2249,1026,0.686717557,0.313282443
17,8333,28,Census Tract 8333,28,17031833300,,833300,31,0.51,898,331,567,0.368596882,0.631403118
17,8339,46,Census Tract 8339,46,17031833900,,833900,31,0.478,763,259,504,0.339449541,0.660550459
17,8340,49,Census Tract 8340,49,17031834000,,834000,31,0.396,1357,370,987,0.27266028,0.72733972
17,8342,43,Census Tract 8342,43,17031834200,,834200,31,0.439,2013,764,1249,0.379533035,0.620466965
17,8343,45,Census Tract 8343,45,17031834300,,834300,31,0.378,2555,1790,765,0.700587084,0.299412916
17,8344,42,Census Tract 8344,42,17031834400,,834400,31,0.468,1381,659,722,0.477190442,0.522809558
17,8345,40,Census Tract 8345,40,17031834500,,834500,31,0.471,494,123,371,0.248987854,0.751012146
17,8346,68,Census Tract 8346,68,17031834600,,834600,31,0.555,1321,461,860,0.348978047,0.651021953
17,8347,68,Census Tract 8347,68,17031834700,,834700,31,0.507,727,323,404,0.444291609,0.555708391
17,8348,68,Census Tract 8348,68,17031834800,,834800,31,0.44,799,245,554,0.306633292,0.693366708
17,8349,67,Census Tract 8349,67,17031834900,,834900,31,0.476,863,226,637,0.261877173,0.738122827
17,8350,66,Census Tract 8350,66,17031835000,,835000,31,0.455,1688,626,1062,0.370853081,0.629146919
17,8351,63,Census Tract 8351,63,17031835100,,835100,31,0.375,1253,739,514,0.589784517,0.410215483
17,8352,56,Census Tract 8352,56,17031835200,,835200,31,0.416,632,464,168,0.734177215,0.265822785
17,8355,37,Census Tract 8355,37,17031835500,,835500,31,0.422,714,226,488,0.316526611,0.683473389
17,8356,37,Census Tract 8356,37,17031835600,,835600,31,0.478,405,164,241,0.404938272,0.595061728
17,8357,38,Census Tract 8357,38,17031835700,,835700,31,-,0,0,0,#DIV/0!,#DIV/0!
17,8358,38,Census Tract 8358,38,17031835800,,835800,31,0.504,571,323,248,0.565674256,0.434325744
17,8359,38,Census Tract 8359,38,17031835900,,835900,31,0.568,1272,380,892,0.298742138,0.701257862
17,8360,38,Census Tract 8360,38,17031836000,,836000,31,0.566,898,433,465,0.482182628,0.517817372
17,8361,40,Census Tract 8361,40,17031836100,,836100,31,0.477,699,254,445,0.363376252,0.636623748
17,8362,41,Census Tract 8362,41,17031836200,,836200,31,0.474,171,77,94,0.450292398,0.549707602
17,8363,41,Census Tract 8363,41,17031836300,,836300,31,0.641,529,255,274,0.482041588,0.517958412
17,8364,36,Census Tract 8364,36,17031836400,,836400,31,0.596,1495,449,1046,0.300334448,0.699665552
17,8365,36,Census Tract 8365,36,17031836500,,836500,31,0.465,581,67,514,0.115318417,0.884681583
17,8366,23,Census Tract 8366,23,17031836600,,836600,31,0.551,933,301,632,0.32261522,0.67738478
17,8367,23,Census Tract 8367,23,17031836700,,836700,31,0.574,865,200,665,0.231213873,0.768786127
17,8368,27,Census Tract 8368,27,17031836800,,836800,31,0.675,840,189,651,0.225,0.775
17,8369,27,Census Tract 8369,27,17031836900,,836900,31,0.44,464,144,320,0.310344828,0.689655172
17,8370,27,Census Tract 8370,27,17031837000,,837000,31,0.581,843,153,690,0.181494662,0.818505338
17,8371,27,Census Tract 8371,27,17031837100,,837100,31,0.499,797,435,362,0.545796738,0.454203262
17,8373,27,Census Tract 8373,27,17031837300,,837300,31,0.414,567,178,389,0.313932981,0.686067019
17,8374,27,Census Tract 8374,27,17031837400,,837400,31,0.523,588,155,433,0.263605442,0.736394558
17,8378,28,Census Tract 8378,28,17031837800,,837800,31,0.459,911,200,711,0.219538968,0.780461032
17,8380,28,Census Tract 8380,28,17031838000,,838000,31,0.538,1237,347,890,0.280517381,0.719482619
17,8381,28,Census Tract 8381,28,17031838100,,838100,31,0.526,1114,179,935,0.160682226,0.839317774
17,8382,28,Census Tract 8382,28,17031838200,,838200,31,0.613,452,237,215,0.524336283,0.475663717
17,8383,8,Census Tract 8383,8,17031838300,,838300,31,0.51,487,0,487,0,1
17,8386,29,Census Tract 8386,29,17031838600,,838600,31,0.441,457,61,396,0.133479212,0.866520788
17,8387,29,Census Tract 8387,29,17031838700,,838700,31,0.654,1248,296,952,0.237179487,0.762820513
17,8388,51,Census Tract 8388,51,17031838800,,838800,31,0.477,994,464,530,0.466800805,0.533199195
17,8390,32,Census Tract 8390,32,17031839000,,839000,31,0.482,2933,1761,1172,0.600409137,0.399590863
17,8391,32,Census Tract 8391,32,17031839100,,839100,31,0.464,1487,637,850,0.428379287,0.571620713
17,8392,35,Census Tract 8392,35,17031839200,,839200,31,0.434,1403,659,744,0.469707769,0.530292231
17,8395,35,Census Tract 8395,35,17031839500,,839500,31,0.592,865,309,556,0.357225434,0.642774566
17,8396,35,Census Tract 8396,35,17031839600,,839600,31,0.523,833,349,484,0.418967587,0.581032413
17,8397,60,Census Tract 8397,60,17031839700,,839700,31,0.519,1714,901,813,0.525670945,0.474329055
17,8398,60,Census Tract 8398,60,17031839800,,839800,31,0.434,1201,441,760,0.367194005,0.632805995
17,8399,60,Census Tract 8399,60,17031839900,,839900,31,0.456,1502,865,637,0.575898802,0.424101198
17,8400,60,Census Tract 8400,60,17031840000,,840000,31,0.466,1042,672,370,0.644913628,0.355086372
17,8401,60,Census Tract 8401,60,17031840100,,840100,31,0.373,994,385,609,0.387323944,0.612676056
17,8402,60,Census Tract 8402,60,17031840200,,840200,31,0.386,769,578,191,0.751625488,0.248374512
17,8403,59,Census Tract 8403,59,17031840300,,840300,31,0.347,1129,680,449,0.602302923,0.397697077
17,8404,59,Census Tract 8404,59,17031840400,,840400,31,0.464,1112,755,357,0.678956835,0.321043165
17,8407,30,Census Tract 8407,30,17031840700,,840700,31,0.446,848,228,620,0.268867925,0.731132075
17,8408,30,Census Tract 8408,30,17031840800,,840800,31,0.412,832,284,548,0.341346154,0.658653846
17,8410,33,Census Tract 8410,33,17031841000,,841000,31,0.632,394,113,281,0.28680203,0.71319797
17,8411,34,Census Tract 8411,34,17031841100,,841100,31,0.522,2520,1235,1285,0.490079365,0.509920635
17,8412,31,Census Tract 8412,31,17031841200,,841200,31,0.44,1489,510,979,0.342511753,0.657488247
17,8413,31,Census Tract 8413,31,17031841300,,841300,31,0.412,1567,525,1042,0.335035099,0.664964901
17,8414,29,Census Tract 8414,29,17031841400,,841400,31,0.465,469,101,368,0.215351812,0.784648188
17,8415,29,Census Tract 8415,29,17031841500,,841500,31,0.536,778,132,646,0.16966581,0.83033419
17,8416,29,Census Tract 8416,29,17031841600,,841600,31,0.418,282,72,210,0.255319149,0.744680851
17,8417,30,Census Tract 8417,30,17031841700,,841700,31,0.54,584,121,463,0.207191781,0.792808219
17,8418,69,Census Tract 8418,69,17031841800,,841800,31,0.515,1032,523,509,0.506782946,0.493217054
17,8419,28,Census Tract 8419,28,17031841900,,841900,31,0.44,1525,1079,446,0.707540984,0.292459016
17,8420,35,Census Tract 8420,35,17031842000,,842000,31,0.477,417,254,163,0.60911271,0.39088729
17,8421,23,Census Tract 8421,23,17031842100,,842100,31,0.542,1831,788,1043,0.43036592,0.56963408
17,8422,8,Census Tract 8422,8,17031842200,,842200,31,0.545,1226,400,826,0.326264274,0.673735726
17,8423,24,Census Tract 8423,24,17031842300,,842300,31,0.487,1570,912,658,0.58089172,0.41910828
17,8424,44,Census Tract 8424,44,17031842400,,842400,31,0.511,1490,839,651,0.563087248,0.436912752
17,8425,69,Census Tract 8425,69,17031842500,,842500,31,0.485,830,127,703,0.153012048,0.846987952
17,8426,61,Census Tract 8426,61,17031842600,,842600,31,0.423,1340,781,559,0.582835821,0.417164179
17,8428,58,Census Tract 8428,58,17031842800,,842800,31,0.405,1959,787,1172,0.401735579,0.598264421
17,8429,28,Census Tract 8429,28,17031842900,,842900,31,0.51,1125,142,983,0.126222222,0.873777778
17,8430,29,Census Tract 8430,29,17031843000,,843000,31,0.559,1024,178,846,0.173828125,0.826171875
17,8431,29,Census Tract 8431,29,17031843100,,843100,31,0.464,636,138,498,0.216981132,0.783018868
17,8432,31,Census Tract 8432,31,17031843200,,843200,31,0.364,945,289,656,0.305820106,0.694179894
17,8433,29,Census Tract 8433,29,17031843300,,843300,31,0.314,402,88,314,0.218905473,0.781094527
17,8434,29,Census Tract 8434,29,17031843400,,843400,31,0.529,550,251,299,0.456363636,0.543636364
17,8435,30,Census Tract 8435,30,17031843500,,843500,31,0.468,302,158,144,0.523178808,0.476821192
17,8436,38,Census Tract 8436,38,17031843600,,843600,31,0.505,1210,309,901,0.255371901,0.744628099
17,8437,5,Census Tract 8437,5,17031843700,,843700,31,0.446,904,515,389,0.569690265,0.430309735
17,8438,61,Census Tract 8438,61,17031843800,,843800,31,0.444,610,290,320,0.475409836,0.524590164
17,8439,42,Census Tract 8439,42,17031843900,Small area in CA 43,843900,31,0.482,1765,637,1128,0.360906516,0.639093484
